Soil_pH,Soil_Moisture_%,Soil_Temperature_C,Electrical_Conductivity_dS_m,Nitrogen_ppm,Phosphorus_ppm,Potassium_ppm,Organic_Carbon_%,Soil_Texture,Nutrient_Quality_Score
4.09,31.27,38.03,3.13,574.49,,464.61,0.91,Loamy,9.6
5.5,67.05,43.39,1.89,316.1,2.05,569.82,0.37,Loamy,5.27
8.68,16.56,30.23,1.0,405.91,18.2,361.63,2.34,Sandy,7.53
8.73,10.15,27.24,4.46,404.55,3.29,,1.72,Sandy,11.96
4.32,23.3,,0.14,397.92,11.02,,2.13,Loamy,8.09
5.92,17.58,10.68,4.58,233.13,164.14,593.46,2.63,Sandy,0.74
8.6,3.91,22.86,0.93,,179.27,519.65,3.46,Clay,10.04
4.55,33.52,,2.96,70.3,94.81,583.73,1.17,,4.63
8.23,29.04,19.02,3.25,287.77,64.47,371.46,3.12,Sandy,10.85
9.01,23.93,6.61,5.52,206.78,6.65,,2.42,Sandy,5.83
7.88,,,4.98,414.74,145.86,240.39,2.94,Clay,3.14
7.08,54.83,29.38,2.24,13.18,219.23,350.83,0.78,Loamy,2.02
6.35,30.29,27.41,2.74,24.24,173.58,147.14,2.85,Sandy,8.0
6.15,48.08,27.89,0.19,541.12,161.88,164.35,0.11,,11.56
5.24,18.01,17.85,1.54,242.13,134.98,599.67,2.13,Clay,3.02
6.89,56.82,23.88,3.23,162.93,127.38,274.79,2.44,Sandy,5.03
7.94,6.17,26.87,4.68,74.03,,576.55,2.69,Clay,11.76
6.74,63.43,44.65,4.39,100.72,187.46,449.87,0.24,Clay,1.74
7.78,54.55,40.72,1.67,17.59,88.54,511.42,0.69,Clay,6.33
5.43,22.74,6.97,2.2,454.24,221.26,67.99,1.13,Clay,6.4
9.29,10.38,46.69,2.16,77.06,80.95,409.09,3.22,Clay,3.86
7.84,31.81,27.88,5.29,583.88,,,1.55,Loamy,10.98
8.61,32.64,12.92,2.93,17.98,203.77,680.28,0.34,Clay,8.73
8.28,1.45,33.96,2.66,107.75,6.6,639.94,0.93,Loamy,8.75
6.14,63.04,,0.64,581.64,33.02,507.9,0.72,Loamy,10.76
4.71,52.62,23.88,3.88,187.35,,494.89,0.49,Clay,0.34
8.72,34.59,18.76,1.5,491.08,127.19,520.82,1.1,Clay,11.68
5.36,67.9,47.97,3.68,58.39,48.84,98.07,1.09,Sandy,3.56
7.0,22.71,13.34,4.51,215.84,,675.5,1.92,Clay,1.74
8.07,67.4,17.35,3.39,436.33,45.91,142.99,2.79,Loamy,2.5
4.95,42.26,5.09,3.81,53.32,,632.25,2.75,Sandy,11.37
6.8,,34.95,5.53,538.79,174.73,484.66,2.14,,7.05
8.38,46.59,7.92,1.47,562.0,13.34,349.99,1.78,Sandy,7.34
4.38,,29.58,5.75,579.33,221.02,38.65,0.11,Sandy,4.88
7.76,25.14,37.36,0.78,579.0,109.1,390.38,0.35,Clay,6.61
5.78,62.25,27.87,0.45,375.63,243.02,505.39,1.01,Clay,7.62
7.58,18.98,7.24,0.73,495.94,249.05,320.44,0.4,Loamy,6.42
8.26,8.38,49.9,4.57,,100.18,60.98,0.42,Loamy,0.86
7.85,38.77,,4.02,183.98,71.89,391.71,2.05,Loamy,8.28
5.76,49.75,,1.93,174.26,177.79,431.8,0.98,Loamy,4.38
5.71,12.26,9.47,5.54,342.75,111.29,200.35,1.08,Sandy,4.63
8.73,60.95,45.58,2.11,,98.45,378.76,1.88,Sandy,9.28
6.07,43.44,20.31,2.35,514.94,40.46,254.92,0.69,Clay,5.09
5.89,29.47,41.02,4.08,279.81,29.78,391.72,1.85,,2.78
5.61,45.45,8.33,5.33,50.36,88.7,561.27,2.59,Sandy,9.26
4.25,67.06,32.52,2.86,489.37,71.26,561.87,1.04,Sandy,3.42
8.15,50.09,26.96,2.23,285.9,87.62,,0.74,Loamy,1.44
7.07,54.42,6.38,0.26,519.57,39.73,266.79,0.71,Loamy,10.51
4.19,41.16,21.17,2.84,15.17,168.34,682.88,0.57,Loamy,2.26
8.87,68.4,16.43,2.89,211.27,240.0,,1.04,Sandy,0.68
9.41,60.88,32.79,0.52,129.44,91.81,480.57,2.15,Loamy,6.53
8.15,68.92,15.84,3.91,493.86,80.85,355.42,1.27,Clay,7.1
4.85,9.62,41.61,2.09,592.75,117.77,205.55,0.76,Sandy,1.94
8.52,17.94,,0.64,388.01,211.22,,2.44,Clay,8.38
6.24,7.45,8.63,2.58,143.84,,85.49,1.22,Clay,4.71
5.55,24.43,29.79,3.76,347.72,18.64,343.76,,Sandy,8.51
7.8,65.18,18.21,4.6,51.98,175.05,315.82,2.62,Sandy,6.07
9.36,60.22,6.68,1.59,529.95,246.4,224.6,1.22,Clay,11.16
,16.15,18.33,5.17,410.14,204.12,694.85,2.55,Loamy,4.45
8.21,33.74,18.42,2.51,564.46,235.63,400.35,2.81,Loamy,8.47
6.12,31.67,6.31,5.31,313.76,20.45,510.04,0.59,Clay,7.18
4.14,64.32,40.89,1.52,128.29,85.32,306.6,0.3,Sandy,5.83
5.11,14.01,46.71,4.51,90.77,130.9,455.61,3.34,Sandy,5.68
8.33,60.77,6.64,5.43,305.65,6.9,588.96,2.95,Sandy,6.18
4.86,33.85,32.81,5.24,570.26,33.52,99.46,2.85,Loamy,5.4
4.09,40.38,44.27,4.31,328.39,6.61,251.45,1.74,Sandy,1.72
8.55,11.16,37.02,,49.67,43.51,436.05,1.59,Clay,5.95
7.5,52.83,46.43,3.15,313.64,228.12,350.7,0.76,Sandy,5.37
5.74,,44.96,0.37,558.41,28.17,,0.9,Loamy,0.59
9.06,17.12,43.09,2.22,501.03,245.2,88.94,1.51,Sandy,3.38
7.01,64.49,8.37,4.27,351.48,38.42,698.22,0.91,Loamy,10.17
5.81,16.51,35.83,3.39,375.17,,220.37,2.43,Clay,5.73
5.4,0.58,39.94,0.94,89.14,139.79,481.16,0.22,Clay,2.79
5.07,4.16,40.17,3.99,,38.9,570.07,0.7,Sandy,0.59
4.69,40.34,37.66,1.51,158.5,18.35,43.49,1.12,Clay,11.84
7.72,15.01,32.54,0.28,451.49,172.56,218.75,1.49,,2.55
7.83,41.55,13.74,,590.6,33.65,331.5,0.68,Clay,7.82
5.07,37.29,7.03,3.99,212.74,109.05,79.87,0.88,Sandy,9.76
7.19,21.92,18.1,5.19,343.9,203.11,251.07,0.6,Clay,3.84
8.78,67.1,11.73,2.63,524.03,150.39,,3.41,Loamy,8.9
7.58,18.69,49.41,2.07,98.07,115.22,511.63,0.16,Clay,5.85
8.55,30.44,38.83,2.46,190.39,248.99,86.56,1.54,Clay,7.02
6.4,58.34,46.73,3.44,170.48,11.6,539.79,1.05,Sandy,10.87
6.2,14.6,28.95,2.87,,224.51,438.71,2.32,,1.65
7.38,15.0,20.6,3.14,42.54,154.44,192.64,0.53,Sandy,7.83
7.48,23.32,34.98,5.62,390.06,17.77,,1.46,Sandy,3.87
6.6,28.94,35.02,3.37,385.68,113.6,35.82,1.23,Clay,10.63
5.48,37.88,33.83,3.14,289.37,132.11,364.0,3.45,Loamy,0.0
4.84,17.94,38.57,5.08,472.34,210.53,420.87,2.93,Loamy,11.81
7.85,22.53,41.48,,124.87,17.48,621.15,0.32,Sandy,4.61
8.73,23.24,43.47,5.97,67.48,230.92,365.83,0.92,Loamy,6.98
6.99,48.84,33.53,2.5,554.71,204.53,418.27,1.99,Loamy,5.48
6.11,21.9,32.84,2.26,133.82,97.74,269.98,2.54,Clay,10.83
,,45.69,1.88,,14.59,143.27,1.92,Loamy,7.63
7.35,39.46,19.76,2.59,143.58,166.16,455.48,2.13,Clay,0.83
8.77,62.38,48.48,2.77,44.76,229.74,166.63,0.97,Loamy,1.75
8.14,52.71,23.34,2.66,385.04,57.14,56.41,3.17,Clay,10.06
9.2,36.71,29.66,5.49,93.41,17.04,433.52,,,11.55
,47.52,45.49,3.35,553.51,74.56,452.97,2.34,Clay,3.01
7.16,55.56,21.44,0.13,46.92,95.78,343.6,2.27,,3.21
7.74,31.3,17.85,0.93,357.61,142.05,522.15,0.59,Loamy,4.6
9.07,69.79,28.04,4.19,281.13,182.9,172.4,2.5,Sandy,3.54
7.25,50.34,46.75,5.99,64.67,21.38,636.34,1.08,Loamy,4.43
4.34,39.03,16.59,0.19,287.03,222.08,108.28,2.16,Clay,4.57
8.4,44.04,38.71,2.49,223.72,73.25,321.68,,Loamy,4.75
4.82,31.3,6.42,3.17,98.14,169.51,92.71,2.02,Loamy,7.99
9.16,36.75,20.12,4.7,338.67,124.47,628.17,0.74,Clay,2.39
,56.92,23.35,5.8,16.67,183.24,392.89,2.83,Sandy,8.08
6.52,44.36,43.48,4.98,492.26,15.69,462.69,2.09,Sandy,8.77
7.2,,46.17,3.87,281.44,230.47,599.97,3.17,Sandy,2.31
4.74,63.73,43.6,4.7,248.23,168.82,577.77,1.64,,11.5
6.05,17.04,29.46,1.12,333.96,89.37,332.84,,Loamy,5.93
4.54,31.23,13.92,1.96,361.67,241.71,628.87,3.14,Sandy,10.24
5.17,30.5,37.17,0.57,265.54,80.37,538.35,2.57,Loamy,3.47
6.93,67.87,14.83,5.41,495.32,,575.02,0.68,Loamy,4.3
4.96,,11.78,3.46,355.69,207.59,514.97,1.4,Sandy,0.66
7.73,50.29,19.0,0.97,384.82,242.35,666.14,0.21,Loamy,0.0
5.52,4.13,45.72,3.83,326.3,63.74,447.81,1.69,,2.29
5.61,43.58,20.39,0.94,555.67,,273.4,3.12,Loamy,1.46
8.89,53.91,47.18,0.63,121.99,98.73,461.53,1.08,Clay,3.94
5.98,21.63,7.11,5.05,482.19,,252.35,2.61,Clay,3.49
6.5,38.07,48.17,1.3,392.64,248.43,119.66,0.07,Loamy,0.07
9.42,18.15,28.93,4.95,591.45,11.61,662.39,0.06,Clay,2.08
4.47,48.84,42.42,,417.87,220.36,617.88,2.11,Clay,4.21
9.21,29.95,42.54,1.83,238.35,186.31,196.19,2.85,Clay,4.56
4.32,17.55,14.66,5.12,383.0,33.15,468.56,2.07,Sandy,4.55
6.46,43.92,9.51,0.92,217.28,83.21,,2.16,Clay,4.92
7.35,69.66,23.75,3.67,549.64,8.92,321.43,2.69,Sandy,2.75
7.47,25.9,15.36,4.83,16.41,114.43,471.0,3.18,Clay,11.68
5.66,6.92,11.41,0.91,484.21,121.58,652.39,0.49,Sandy,11.92
7.61,3.38,17.29,1.19,130.03,229.36,317.26,2.96,Clay,11.7
5.11,18.64,47.0,4.58,333.76,163.71,644.23,,Sandy,9.48
7.23,41.59,46.92,1.06,223.2,213.91,602.44,1.0,Clay,4.93
7.3,52.02,9.31,2.84,592.13,76.67,94.64,2.83,,4.08
7.94,48.17,42.33,3.45,518.76,80.9,404.53,1.45,Sandy,0.04
6.67,33.74,7.01,0.91,531.19,89.43,652.49,0.42,Loamy,8.3
5.31,52.86,9.1,4.89,472.96,97.68,163.82,0.13,Loamy,10.82
4.31,16.3,5.88,3.36,549.41,121.44,298.35,,Clay,8.65
5.9,39.74,,5.69,277.32,171.78,210.15,1.95,Clay,3.57
7.32,42.17,11.01,3.62,486.46,168.84,169.3,3.4,Clay,7.65
5.66,25.86,41.93,3.02,571.96,30.98,615.29,2.87,Clay,2.0
5.73,,27.03,3.87,233.58,45.56,689.33,0.9,Clay,3.03
4.19,34.71,,1.02,65.26,67.71,270.09,1.3,Clay,8.66
4.5,6.11,24.26,1.34,55.73,87.34,361.53,0.78,Clay,0.73
5.58,19.26,23.93,1.42,54.44,25.34,588.97,2.61,Loamy,9.4
4.38,,41.3,4.78,296.58,196.18,81.86,3.3,Loamy,5.66
4.85,5.35,46.15,4.32,21.31,104.25,582.82,0.44,,2.35
9.25,67.51,16.85,4.85,572.0,249.24,58.74,2.33,Loamy,7.39
4.25,35.29,49.4,4.69,548.52,67.33,635.87,0.48,Clay,2.53
7.64,6.94,12.39,5.94,375.44,199.47,250.09,3.44,Loamy,9.26
7.64,11.08,9.13,4.92,372.8,,89.65,3.4,Sandy,2.85
6.55,59.83,11.85,1.54,239.09,33.34,140.49,1.72,Clay,7.97
8.63,15.98,11.19,4.92,103.52,168.45,201.37,0.33,Sandy,9.15
6.83,62.12,22.57,0.54,253.56,234.98,286.17,2.49,Clay,1.39
5.66,68.6,,2.23,51.45,127.67,665.3,2.66,Sandy,3.88
5.24,62.55,28.43,1.27,485.92,109.21,509.45,2.71,Clay,0.61
9.14,51.12,44.05,,144.68,152.68,175.19,3.26,Loamy,1.17
8.41,24.7,38.92,3.63,168.87,66.37,299.63,2.94,Clay,2.22
6.16,43.56,,0.23,524.89,24.64,617.14,1.54,Loamy,3.3
6.86,63.81,13.44,0.29,168.28,114.69,445.14,,Loamy,2.33
,50.41,10.72,0.6,424.3,114.61,541.25,2.8,Loamy,7.02
4.91,56.92,6.81,0.23,565.6,212.55,416.24,2.95,Clay,5.88
7.5,50.59,29.65,3.9,345.13,190.47,477.69,1.48,Loamy,6.09
6.13,65.09,16.12,0.8,300.97,23.37,171.25,0.55,Clay,3.76
5.19,32.71,13.62,1.45,288.75,197.94,85.4,1.86,Sandy,10.82
5.93,49.49,13.2,3.92,177.32,216.11,454.59,2.42,Clay,6.11
7.55,65.18,7.74,5.32,419.54,64.23,418.76,2.36,Sandy,11.14
6.05,44.68,29.87,5.14,255.76,168.46,293.87,1.31,Sandy,10.5
8.4,54.19,10.09,3.67,550.37,133.41,344.01,1.8,Loamy,8.32
5.55,67.37,16.8,0.6,239.92,234.5,240.27,0.84,Clay,3.51
,41.75,34.34,0.4,488.85,29.03,92.08,1.42,Loamy,0.01
6.09,,40.85,5.51,268.59,58.55,618.99,1.57,Clay,5.43
5.62,29.62,35.1,0.81,344.7,248.71,524.35,2.44,Loamy,3.1
5.59,56.1,46.68,1.96,98.86,156.06,70.4,3.2,Sandy,10.75
7.22,55.69,19.88,,276.87,30.65,625.26,2.29,Sandy,5.32
8.15,14.06,30.53,0.43,53.09,152.18,486.61,0.89,Clay,3.28
6.68,13.28,15.92,1.33,371.81,195.3,499.26,2.65,Clay,10.62
4.64,50.36,17.92,3.54,238.14,225.73,365.05,0.09,Clay,11.26
4.68,6.8,24.37,2.01,351.62,185.89,37.66,3.3,Sandy,2.22
,36.08,13.07,5.7,359.83,96.48,373.56,1.37,Loamy,1.36
,8.22,17.88,0.34,164.62,23.28,401.44,2.66,Clay,9.83
6.81,56.07,30.49,3.29,,24.22,405.26,3.12,Loamy,1.46
8.8,23.06,17.15,3.47,274.33,84.43,492.45,2.99,Sandy,6.96
8.9,39.65,5.72,1.53,275.66,31.46,505.42,1.08,Loamy,10.48
9.2,65.17,29.25,1.2,527.05,26.18,308.23,1.98,Sandy,9.2
5.25,,14.96,0.7,546.29,53.68,547.99,,Sandy,9.99
5.09,,46.79,,,116.42,670.65,2.75,Loamy,9.86
5.03,64.23,,0.23,268.85,6.36,570.43,1.49,Loamy,5.06
5.46,42.11,6.03,4.67,151.84,7.31,661.46,3.46,Sandy,5.4
9.24,47.72,47.65,5.32,236.02,160.31,80.34,2.13,Loamy,2.84
6.03,25.65,44.03,3.55,,208.11,327.34,2.69,Loamy,0.9
5.77,40.58,37.82,5.43,150.15,169.8,278.24,0.92,Clay,8.89
8.52,67.96,6.28,0.82,42.31,230.85,508.26,2.44,Loamy,0.65
5.73,56.69,16.12,5.3,558.86,154.73,654.93,1.54,,8.52
7.57,16.49,18.19,1.14,283.54,107.75,,0.44,Loamy,9.94
4.7,51.56,49.49,5.79,451.19,164.27,390.47,2.34,,6.62
8.35,20.82,14.98,2.38,44.53,38.02,438.55,2.6,Sandy,0.18
8.54,7.86,46.1,4.54,441.09,101.12,442.51,1.5,Sandy,3.94
4.51,16.48,,5.84,575.25,124.59,,2.0,Loamy,7.18
5.17,,29.6,1.78,387.14,145.68,116.07,3.07,Clay,7.23
7.21,19.07,41.99,1.83,140.52,83.16,135.45,3.43,Loamy,5.72
8.36,67.95,23.73,3.45,402.46,86.06,623.67,0.61,Clay,4.51
8.43,5.43,14.96,2.74,,99.59,104.35,2.6,,8.47
5.56,4.6,48.76,1.16,451.31,129.03,46.36,3.45,Loamy,6.05
6.97,16.98,,1.01,89.13,179.48,266.6,3.34,Clay,7.36
8.98,30.07,20.93,3.12,12.94,101.92,551.42,0.45,Loamy,8.13
9.4,57.67,22.13,2.8,56.27,17.56,363.43,1.28,Clay,0.43
8.0,30.63,46.04,,106.91,210.43,338.65,0.99,Clay,7.76
4.55,35.23,26.24,2.0,46.33,14.79,71.02,0.51,Sandy,0.18
5.5,55.64,35.08,3.31,305.24,203.39,313.62,1.33,Loamy,1.31
7.81,1.76,19.18,4.11,544.68,221.92,242.99,0.13,Loamy,9.28
6.64,40.0,41.46,0.2,22.49,27.0,74.04,0.43,Clay,0.91
7.36,40.76,30.38,1.73,52.5,94.99,568.57,1.76,Clay,7.75
8.25,46.02,9.15,1.59,472.78,17.73,192.95,2.67,Clay,5.84
5.69,40.09,40.26,5.3,163.31,223.74,78.29,0.62,Clay,10.23
,10.64,40.93,5.8,431.89,21.07,76.03,0.05,Sandy,4.87
9.22,13.6,9.86,0.27,563.78,138.33,462.23,2.51,Clay,10.01
6.89,4.25,30.74,0.29,187.01,35.23,146.06,3.43,Clay,2.07
5.36,49.89,5.55,3.96,390.24,157.95,526.17,0.65,Loamy,5.53
5.0,61.89,36.76,4.66,153.9,204.61,217.01,0.07,Loamy,10.81
6.7,22.86,49.67,,295.47,204.36,304.47,1.86,Loamy,11.42
9.26,26.48,7.03,3.53,348.96,167.15,352.34,0.31,Loamy,8.48
4.02,39.16,27.62,0.42,518.45,133.88,688.65,1.24,,2.28
6.64,57.0,15.69,1.98,52.42,74.16,444.71,0.58,Loamy,10.82
7.6,69.4,49.77,5.98,221.02,181.87,232.41,,Sandy,8.3
4.39,29.5,26.73,3.65,139.83,204.32,369.32,1.82,Clay,6.18
7.38,68.4,39.76,2.16,16.26,110.63,90.39,1.19,Loamy,7.34
4.23,47.44,11.79,5.87,38.1,107.49,506.65,,,0.93
7.46,62.7,9.35,4.29,171.43,159.57,470.69,3.3,Loamy,7.89
5.81,38.42,9.45,0.11,478.42,147.02,170.11,0.68,Loamy,11.8
7.09,30.12,43.75,4.52,195.51,183.94,138.71,2.85,Loamy,9.07
5.06,44.02,31.05,2.76,373.99,73.24,68.91,2.77,Loamy,7.21
4.88,43.96,18.21,,,104.35,522.7,2.16,Loamy,1.42
5.7,34.18,28.35,2.99,195.66,,578.76,0.17,Clay,7.07
8.87,43.58,37.51,1.87,508.45,91.82,272.27,0.61,Clay,6.16
5.64,68.86,36.8,4.76,334.79,207.06,268.93,1.37,Clay,10.02
8.88,,28.42,1.96,112.68,,294.93,1.32,Clay,3.94
7.93,60.88,29.48,1.01,91.7,187.15,176.84,2.77,Clay,8.85
7.13,46.65,13.78,0.66,13.62,142.42,147.43,3.49,Loamy,1.3
6.94,67.5,28.12,4.41,473.84,226.25,210.08,2.87,Loamy,10.41
8.49,27.14,19.74,4.66,285.59,182.44,209.08,3.22,Clay,7.0
6.7,17.13,14.1,1.14,470.92,145.15,526.51,2.11,Sandy,7.68
7.62,39.57,30.44,3.16,492.2,227.9,301.08,2.63,Sandy,11.6
4.62,54.49,25.96,0.84,319.45,93.54,260.82,,Sandy,8.86
,50.05,48.5,0.28,268.6,165.55,447.65,0.55,Sandy,0.05
4.26,7.76,41.94,5.4,17.26,201.45,268.2,1.08,Sandy,4.88
5.49,35.88,44.26,4.21,31.68,76.17,305.59,2.2,Loamy,2.83
8.44,43.41,26.23,4.78,155.95,22.75,621.83,0.18,Sandy,7.2
7.4,68.72,36.38,2.35,216.74,54.45,535.77,1.4,Loamy,10.77
5.88,35.85,40.82,1.85,548.11,,425.75,0.15,Sandy,6.13
7.01,,36.3,1.84,523.08,39.97,625.72,1.5,Sandy,2.34
4.54,43.68,15.35,4.39,449.6,127.99,406.27,1.7,Sandy,9.81
4.4,33.15,17.26,2.78,84.58,189.26,89.79,0.13,Clay,1.51
7.96,37.31,35.34,5.54,320.95,217.95,493.28,,Clay,6.2
6.42,43.67,7.96,3.09,552.19,159.86,,2.3,Sandy,5.0
4.09,29.94,31.86,2.04,259.43,183.79,239.81,3.43,Clay,1.58
7.79,14.15,15.15,2.23,200.11,12.42,417.68,3.05,Sandy,9.8
7.88,13.08,24.73,3.81,185.34,178.86,694.03,0.63,Loamy,5.02
7.45,25.92,32.77,4.75,82.84,147.71,511.28,0.15,Sandy,1.87
9.37,64.6,31.08,1.75,492.95,109.56,287.07,1.53,Clay,9.66
7.1,54.05,7.17,5.16,453.8,44.7,479.07,3.49,Loamy,0.88
4.59,57.2,27.22,2.74,175.47,172.3,627.62,3.21,Loamy,7.73
6.04,0.82,24.55,5.87,351.34,222.41,252.39,3.3,Clay,9.98
5.02,3.75,39.72,0.35,318.2,39.54,141.99,1.38,Clay,11.94
9.27,63.56,34.03,2.33,441.6,134.42,690.72,3.46,Loamy,1.64
6.95,15.49,48.75,1.36,522.38,94.06,685.47,0.44,Loamy,3.02
8.19,25.62,48.38,5.14,66.08,173.82,331.75,2.17,Clay,9.86
5.38,47.22,14.44,4.38,384.08,198.24,645.39,3.38,Sandy,6.48
7.67,27.02,25.8,5.87,476.48,52.93,431.97,1.49,Clay,3.31
7.75,19.61,23.39,1.53,408.65,,516.1,3.17,Loamy,8.5
4.72,39.4,20.42,2.09,,25.74,620.13,3.3,Loamy,2.79
8.37,54.69,47.22,5.57,109.37,246.07,476.83,2.84,Sandy,2.27
5.71,69.71,48.71,0.13,512.84,142.42,202.81,1.77,Loamy,4.72
7.15,31.88,27.71,3.83,316.44,9.03,,,Clay,10.43
4.11,62.27,26.21,0.39,,7.81,333.33,2.39,Sandy,3.1
7.83,50.99,40.64,0.83,160.79,125.93,464.35,1.71,Loamy,6.53
6.3,54.6,35.11,,31.95,177.3,218.34,1.17,Sandy,6.37
6.83,56.54,23.96,1.96,84.81,245.73,306.72,3.19,Clay,4.61
4.28,13.22,35.86,2.3,530.99,12.29,285.24,0.48,Sandy,0.7
4.21,62.61,15.36,4.31,52.05,239.97,108.4,3.41,Clay,0.22
6.95,56.67,35.52,0.07,,6.63,244.01,1.4,Loamy,2.47
7.08,17.46,46.65,0.09,592.93,234.71,227.21,2.34,Clay,10.68
7.16,57.26,12.34,1.96,471.46,137.65,232.85,2.54,Loamy,10.7
7.9,35.48,31.55,3.82,503.48,137.82,112.86,1.28,Loamy,10.52
4.41,57.88,15.83,5.07,55.58,34.61,665.48,0.99,Loamy,4.19
8.06,35.85,36.17,4.2,407.15,51.48,573.39,0.39,,1.03
6.86,68.93,25.91,2.3,164.9,105.63,646.39,2.19,Sandy,8.99
5.89,36.07,13.85,1.71,344.95,214.13,665.07,2.42,Clay,11.11
5.48,12.27,43.36,3.96,40.1,64.32,30.48,2.13,Clay,3.46
7.83,16.15,15.08,3.69,569.16,198.99,139.14,2.8,Sandy,6.7
9.14,29.57,49.11,5.75,300.98,216.46,98.99,1.35,Clay,10.1
5.38,41.94,46.88,4.5,536.22,160.15,491.04,1.41,Loamy,0.54
7.54,19.82,19.14,2.88,46.37,177.37,,2.31,Clay,8.26
5.04,27.06,15.38,4.48,101.9,87.25,126.82,3.14,Sandy,8.32
9.15,12.28,15.05,1.93,258.71,63.12,277.98,2.48,,0.07
6.86,69.95,16.5,1.66,113.66,216.61,86.36,1.65,Sandy,8.2
9.03,62.88,20.03,2.38,582.42,29.98,638.94,1.01,Sandy,9.55
5.65,32.52,,4.47,36.49,44.01,533.17,,Clay,9.06
8.36,17.63,24.85,4.59,415.15,,237.11,0.43,Loamy,10.39
9.0,20.6,46.21,3.41,14.86,175.8,222.66,1.64,Loamy,1.6
9.39,20.18,34.95,4.65,24.43,,377.36,0.7,Clay,1.1
8.53,5.83,39.71,4.26,333.02,69.63,,2.0,Sandy,8.58
9.12,26.11,8.88,0.9,582.54,50.37,137.72,0.6,Loamy,7.5
4.47,11.78,35.34,1.43,565.49,96.44,217.31,1.16,Loamy,3.13
7.16,10.48,41.93,3.5,449.65,64.29,,,Sandy,0.86
9.46,4.7,23.09,0.48,429.81,,320.83,0.94,Sandy,0.45
7.26,0.16,7.91,4.26,374.44,7.51,,1.52,Loamy,10.4
5.77,1.88,47.64,3.28,472.28,126.39,36.97,1.72,Sandy,8.24
8.67,32.48,28.1,4.71,271.8,57.14,420.82,0.59,Loamy,5.19
8.47,7.39,22.6,5.08,218.09,153.59,558.38,,Clay,3.27
9.13,17.46,7.56,5.02,168.7,102.78,204.37,3.22,Clay,0.54
7.84,,42.28,4.51,100.75,211.2,394.52,1.12,Clay,10.45
6.57,60.67,43.1,2.12,53.57,116.48,534.3,3.37,Sandy,6.65
8.92,45.58,28.28,5.65,158.8,67.11,126.4,2.52,Sandy,11.68
7.55,19.78,12.59,0.5,,112.54,252.66,3.26,Sandy,11.01
5.13,26.88,43.64,5.95,479.1,205.0,40.08,0.17,Loamy,4.9
,21.63,36.42,1.04,43.28,37.7,314.36,2.43,Clay,0.71
6.25,22.56,34.65,0.28,,135.04,510.44,3.07,Clay,8.73
7.23,43.77,7.23,2.27,185.8,77.2,552.58,2.24,Sandy,11.47
,16.99,14.95,5.78,88.9,73.73,696.98,0.82,Loamy,8.85
6.51,1.28,20.26,,318.43,197.98,577.08,0.51,Clay,2.53
9.4,41.81,42.12,1.67,49.0,148.62,553.27,1.1,Loamy,11.16
6.39,48.18,19.7,1.14,546.53,126.37,95.19,3.46,Clay,0.38
4.02,66.44,14.23,1.47,347.16,18.21,230.86,0.35,Sandy,5.35
,43.43,29.34,,,244.6,529.2,0.43,Loamy,6.58
8.51,43.19,12.44,0.51,197.76,20.81,79.72,0.6,Clay,9.67
4.06,38.49,,2.39,271.58,208.69,140.69,0.58,Loamy,6.35
7.59,52.38,15.82,,384.66,107.54,407.17,1.7,Loamy,7.96
8.88,23.81,42.41,5.21,224.89,143.19,216.95,3.23,Clay,8.32
5.62,65.82,19.27,0.55,421.82,22.94,511.21,2.49,Clay,0.6
4.65,28.28,6.35,0.17,488.37,41.89,380.54,2.36,Sandy,0.56
4.45,41.86,32.76,2.22,164.21,83.44,479.72,2.61,Loamy,3.53
6.92,33.35,9.26,4.19,382.91,222.05,260.22,1.31,Clay,2.17
4.28,68.99,23.82,2.45,554.36,39.99,670.57,2.81,Loamy,10.93
9.16,,21.86,5.3,130.66,124.55,265.97,2.74,Sandy,11.25
8.5,,27.27,0.65,114.02,139.92,594.76,0.36,Clay,9.15
7.95,68.67,33.61,5.68,457.04,117.19,107.92,0.23,Loamy,0.97
8.78,23.82,37.38,0.28,537.4,200.81,47.03,2.48,Loamy,7.64
9.01,49.25,19.86,,216.47,62.65,,0.11,Sandy,5.86
8.75,57.36,43.44,1.76,467.05,217.57,277.75,0.79,Sandy,3.38
8.78,52.45,13.81,0.14,452.84,235.61,251.04,0.96,Loamy,8.04
6.52,14.59,39.46,2.47,183.46,236.52,344.51,1.11,Loamy,4.46
8.64,7.25,12.74,5.53,541.69,228.97,330.43,3.12,Clay,4.08
5.24,57.9,13.1,1.98,306.03,57.51,294.74,2.42,Clay,1.72
8.8,49.84,,1.01,420.14,73.95,427.06,0.78,Sandy,4.01
5.78,49.27,23.08,1.43,528.74,160.93,117.18,3.24,Clay,2.49
7.47,9.64,37.69,5.9,482.9,204.87,134.59,2.33,Loamy,5.32
9.37,7.84,20.06,5.48,60.7,202.68,140.85,3.1,Loamy,0.36
6.38,52.16,7.4,0.93,528.87,63.81,91.24,1.06,Clay,2.41
8.95,23.8,47.59,,124.98,218.51,124.02,1.87,Sandy,8.34
5.9,,12.07,4.58,422.21,167.8,383.9,0.62,Clay,4.42
6.83,65.23,24.17,4.57,,121.67,315.22,2.56,Loamy,5.61
5.19,46.22,49.38,5.55,452.85,248.23,651.8,0.84,Sandy,5.89
7.28,,33.59,2.83,431.52,12.96,143.04,0.59,,7.71
6.88,36.84,12.62,2.13,234.31,131.34,252.57,2.51,Clay,0.82
5.7,5.7,18.88,0.91,308.75,127.27,538.78,1.0,Clay,1.71
9.02,20.1,47.04,0.87,253.56,246.54,444.45,3.33,Sandy,9.39
5.01,52.48,23.49,5.94,320.85,174.97,,1.62,Loamy,9.5
5.29,50.63,49.23,2.3,25.83,,560.59,0.17,,6.11
6.34,66.11,6.34,5.33,68.18,144.16,325.87,2.78,Sandy,1.89
6.67,8.64,30.9,2.28,574.05,90.34,563.45,3.01,Loamy,7.22
5.79,6.57,44.87,0.11,104.57,,523.98,3.29,Loamy,0.81
8.73,25.59,,4.0,514.04,213.57,627.14,1.85,Sandy,4.45
4.6,37.24,19.05,1.99,248.37,67.69,576.54,1.41,Loamy,10.38
,29.73,,3.05,368.95,22.87,308.8,3.34,Loamy,11.35
5.61,12.08,48.21,1.39,526.35,40.41,244.12,3.35,Clay,3.28
6.36,20.87,33.98,5.0,125.73,216.59,598.86,3.33,Clay,8.86
8.69,11.58,30.07,4.12,106.19,197.84,153.0,2.88,Sandy,11.21
6.05,5.46,35.31,0.93,64.21,224.45,570.6,2.62,Clay,7.09
6.1,39.46,35.55,3.73,555.69,92.91,491.36,2.26,Sandy,10.53
,55.79,24.86,3.06,10.53,56.31,647.2,1.57,Sandy,7.89
6.29,59.11,6.92,1.76,456.78,,400.55,2.02,Loamy,7.95
8.43,60.46,,4.03,487.77,95.17,35.01,1.83,Sandy,8.59
8.91,9.62,14.45,2.05,268.9,233.57,513.59,1.72,Loamy,1.17
8.91,43.87,35.65,1.9,494.2,245.56,102.23,0.39,Loamy,11.09
8.02,31.18,5.74,3.4,151.56,116.49,477.73,2.99,Sandy,0.78
5.7,,34.17,4.92,553.48,227.28,227.87,0.76,Sandy,3.68
7.55,65.75,28.98,0.82,405.93,184.18,161.16,0.13,Clay,11.76
,24.08,33.92,5.41,201.31,70.54,211.75,3.37,Clay,7.61
4.6,56.03,,4.97,438.68,149.65,124.64,0.66,Clay,6.22
8.8,32.61,42.24,4.61,68.54,140.49,271.18,2.02,Sandy,2.28
7.76,52.36,22.27,0.73,364.98,182.78,164.1,1.38,Loamy,5.07
6.27,23.86,,0.19,489.63,137.96,617.59,0.69,Loamy,5.41
9.25,53.74,28.26,2.26,111.47,55.95,265.74,2.35,Clay,4.76
,23.3,24.24,2.01,445.31,35.9,690.36,1.51,Sandy,4.04
8.23,6.18,9.82,4.74,211.6,249.03,372.63,2.26,Loamy,5.42
6.06,,12.54,1.81,272.29,203.09,303.7,1.54,Loamy,5.89
5.26,50.16,11.06,4.18,366.37,26.95,259.69,1.05,Sandy,7.64
7.1,20.89,12.5,3.7,435.23,78.25,45.53,3.18,Sandy,10.19
9.31,5.2,23.1,3.82,509.77,28.78,425.23,1.08,Loamy,1.13
6.98,2.85,18.27,2.13,236.19,49.77,141.95,3.3,Sandy,0.64
4.38,61.29,32.79,5.34,49.67,221.45,528.4,2.95,Sandy,0.2
6.84,26.63,17.24,3.35,429.66,83.66,493.12,3.01,Sandy,10.01
7.41,14.47,49.62,3.32,179.96,210.17,,,Loamy,8.1
7.67,68.55,22.28,4.12,143.96,172.0,148.34,2.2,Clay,2.73
5.48,1.46,26.33,4.02,398.2,12.75,141.44,2.01,Clay,4.69
8.27,22.92,28.83,0.54,308.32,177.69,569.19,1.98,Clay,0.07
4.66,64.03,27.06,3.58,572.54,141.08,461.32,1.02,,9.32
7.99,68.68,41.05,3.62,563.82,141.52,490.34,1.62,Sandy,9.64
,6.98,39.04,,578.06,82.41,608.95,3.09,Sandy,7.07
8.82,26.77,20.97,4.59,307.35,199.46,521.31,3.38,Clay,7.07
4.62,19.51,24.9,3.73,371.3,111.92,213.66,2.41,Loamy,0.14
7.62,40.86,45.8,5.49,186.59,167.93,509.29,2.54,Clay,7.38
8.85,68.5,9.14,3.06,418.17,37.05,599.2,3.45,Clay,1.65
6.76,49.57,41.7,1.38,579.91,183.69,155.37,2.68,Sandy,0.34
6.93,68.44,7.6,4.19,258.24,220.28,551.43,1.09,Sandy,1.61
7.34,36.69,39.72,4.28,438.83,202.64,559.62,2.64,Sandy,7.83
5.52,52.41,12.02,3.6,522.46,191.39,338.95,2.55,Sandy,8.9
8.98,63.21,45.51,3.32,32.26,20.89,472.69,0.9,Loamy,9.66
7.71,60.81,41.59,,46.15,86.95,600.06,1.75,Loamy,8.47
5.92,60.07,,3.56,411.19,229.02,,1.24,Loamy,7.35
9.46,41.68,19.8,0.49,545.59,118.65,143.86,1.0,Sandy,2.58
7.12,24.01,37.78,2.37,,131.74,54.29,2.09,Loamy,3.45
6.49,42.85,,3.42,185.24,85.1,513.22,2.54,Loamy,7.59
6.75,69.61,26.1,0.17,555.34,189.92,32.16,0.26,Sandy,4.43
5.59,36.37,,5.75,,206.86,628.18,2.57,Loamy,4.9
5.52,44.48,,2.53,587.08,135.08,66.57,2.29,Sandy,10.81
7.95,18.14,28.99,2.87,157.46,235.7,54.92,1.54,Sandy,9.12
7.46,2.08,44.19,0.46,248.1,108.83,468.54,1.36,Sandy,4.03
7.85,63.25,43.51,2.47,480.79,176.87,59.58,1.86,Sandy,0.61
6.31,54.6,7.98,5.29,404.0,168.99,556.03,0.69,Sandy,10.5
6.2,45.04,10.61,5.65,114.38,192.74,591.79,1.57,Loamy,1.12
9.07,69.43,44.13,5.81,389.62,197.14,501.63,2.36,Loamy,2.52
4.7,16.13,11.7,1.72,454.48,46.9,274.25,0.3,,2.7
6.02,30.47,12.66,3.95,,79.38,274.68,3.31,Clay,6.72
,41.47,44.55,1.31,313.13,143.85,646.77,2.92,,9.25
4.85,17.72,42.28,2.27,38.8,85.31,319.97,1.07,Loamy,6.93
6.32,18.7,23.63,2.05,96.21,36.21,369.67,0.13,Loamy,3.86
8.14,31.33,16.88,,504.85,81.01,259.48,2.0,Sandy,10.37
7.46,27.93,10.93,1.17,352.08,17.8,442.06,,Loamy,4.89
6.53,53.74,37.17,1.99,161.03,126.81,,2.83,Loamy,0.17
7.75,57.91,16.53,4.11,131.55,70.31,259.96,1.14,Sandy,6.49
4.31,25.59,13.12,5.8,235.96,197.35,278.35,0.45,Sandy,1.86
6.3,1.75,23.82,2.26,473.35,171.18,349.53,,Clay,6.42
7.04,42.2,16.54,0.78,189.51,182.81,285.73,1.08,Loamy,10.18
7.72,7.0,8.45,5.4,571.76,72.67,513.34,0.74,Clay,10.12
8.2,57.53,40.27,2.97,112.92,70.33,689.78,1.81,Clay,4.26
5.37,60.02,,2.61,484.65,159.41,530.74,2.09,Loamy,10.84
4.88,36.75,44.24,4.8,573.52,73.33,,0.32,Clay,10.51
4.89,,36.62,2.27,531.99,,185.52,0.66,Sandy,6.99
7.05,32.82,16.94,2.88,,79.75,221.51,2.47,Sandy,2.71
8.08,0.31,12.19,1.33,163.71,124.78,569.8,1.93,Sandy,8.48
8.85,69.73,11.65,5.1,182.92,45.41,538.6,3.35,Sandy,5.34
5.31,44.81,48.54,4.76,556.33,182.03,147.59,0.72,Clay,8.26
8.44,14.18,23.3,3.74,507.76,17.11,66.82,0.66,Clay,7.55
4.9,3.21,5.41,,566.92,196.66,44.59,0.15,Loamy,11.98
4.88,5.43,44.84,1.73,431.88,204.9,,0.19,Loamy,10.84
6.77,56.09,40.1,1.71,266.42,95.72,279.89,1.44,Loamy,8.3
5.92,51.54,29.32,3.4,314.88,90.13,243.13,0.72,Loamy,11.49
7.64,31.33,39.09,2.98,599.4,188.11,90.48,0.76,Sandy,0.2
6.8,42.85,13.69,2.92,542.25,199.93,369.13,0.42,Loamy,10.07
8.37,39.71,46.49,4.46,217.38,172.75,363.25,3.17,Sandy,6.11
9.05,68.66,42.41,4.7,544.24,85.99,518.81,2.42,Loamy,7.9
7.47,38.8,5.1,4.31,106.15,101.8,597.7,0.57,Loamy,10.2
7.66,18.93,44.48,3.77,381.25,16.26,30.87,0.59,Loamy,6.05
,51.61,18.37,1.78,100.4,93.37,569.2,1.89,Clay,0.16
,54.13,36.32,1.47,445.62,14.41,137.41,0.45,Clay,5.7
6.31,54.6,7.98,5.29,404.0,168.99,556.03,0.69,Sandy,10.5
5.34,0.23,33.71,5.31,187.57,66.52,59.97,1.19,Loamy,11.68
9.27,4.95,39.46,2.67,363.04,54.31,191.07,2.87,Sandy,3.49
6.14,55.09,22.52,5.37,45.66,67.8,455.13,2.64,Sandy,8.51
4.39,53.95,18.94,3.03,244.69,142.95,468.0,1.04,Loamy,3.72
7.08,26.0,17.5,5.69,573.81,116.06,95.95,1.24,,8.29
9.19,45.2,8.98,2.32,558.14,31.95,202.59,0.47,Clay,6.35
8.91,30.6,33.88,2.58,527.44,18.4,535.66,3.4,Sandy,9.6
5.4,63.72,36.93,,396.71,241.85,190.94,3.48,Loamy,8.97
6.22,,8.82,3.82,104.42,33.19,616.6,0.57,Sandy,1.83
6.06,62.29,34.5,0.81,121.15,89.17,287.88,0.59,Loamy,0.35
6.31,22.4,24.81,2.4,77.4,135.67,285.97,0.71,Clay,11.56
6.04,,38.87,0.18,241.05,164.82,417.03,1.94,Clay,9.06
8.87,33.71,25.01,0.5,380.93,193.73,677.62,3.37,Loamy,9.98
5.06,1.98,31.63,,290.45,125.77,643.69,2.32,Clay,2.05
8.48,51.28,41.56,2.15,247.46,66.51,266.39,0.65,Clay,4.59
4.09,38.53,36.5,2.89,,,608.34,2.99,Loamy,7.45
9.35,55.48,17.91,1.08,304.21,100.7,621.73,1.63,Loamy,0.8
6.28,39.08,46.96,1.05,316.86,,214.58,0.51,Sandy,11.48
6.28,27.44,28.55,4.7,537.61,188.15,174.93,0.24,Clay,7.13
8.26,56.83,30.78,3.21,182.48,246.65,630.96,1.25,Loamy,3.17
6.15,22.24,9.95,4.58,440.93,101.88,572.27,1.66,Sandy,7.62
5.66,46.43,13.76,3.78,493.01,68.77,671.8,2.69,Sandy,9.07
5.72,42.57,32.48,3.47,307.3,37.3,636.33,0.2,Clay,0.05
5.55,31.21,48.52,3.88,230.16,240.82,527.19,3.29,Loamy,0.13
4.93,31.19,7.86,1.36,228.9,164.45,,0.07,Sandy,5.97
7.58,28.44,34.36,2.21,301.22,191.99,383.41,0.98,Clay,8.56
7.35,22.75,39.56,2.86,255.96,138.32,,0.26,Clay,5.72
8.36,,23.41,0.68,410.54,77.76,46.35,0.24,Clay,11.97
6.57,4.2,29.61,5.59,70.15,127.6,379.09,3.36,Clay,3.09
9.33,2.38,20.36,5.87,302.1,111.14,620.06,,Clay,9.25
4.51,24.97,44.9,1.9,82.93,200.26,606.92,3.06,Sandy,3.77
5.89,8.84,40.45,3.16,394.75,27.95,594.94,3.12,Sandy,8.83
4.68,38.1,38.27,0.51,16.64,97.06,691.19,1.76,Clay,7.73
6.83,18.8,10.24,5.12,520.9,3.86,141.75,0.92,Clay,4.5
7.28,58.88,47.38,1.23,341.18,21.49,399.87,1.85,Sandy,5.93
5.17,44.27,37.77,5.13,544.05,51.77,294.61,0.99,Clay,2.33
4.55,9.19,42.69,0.4,406.57,61.08,210.93,,Clay,2.13
6.97,12.79,44.65,5.77,444.38,113.71,294.39,1.91,Sandy,11.35
4.17,58.21,39.23,2.99,26.41,235.17,221.78,1.95,Clay,8.61
9.18,35.79,31.3,3.3,151.1,241.19,79.07,1.98,Sandy,11.21
4.36,45.32,17.85,3.5,478.26,149.83,350.32,1.64,,11.91
6.18,44.46,5.85,,,89.52,606.36,2.18,Clay,9.57
4.26,33.45,39.57,5.35,331.8,131.83,65.94,0.38,Loamy,2.57
5.66,47.85,18.9,0.78,,135.37,400.35,3.29,Clay,6.67
4.66,16.05,7.18,4.31,347.79,48.45,231.51,1.22,Sandy,10.22
4.15,68.74,41.61,2.53,293.11,116.43,181.32,2.25,Loamy,8.45
7.88,55.31,46.22,0.23,66.06,179.58,,0.76,Sandy,1.63
7.1,56.38,12.98,5.16,456.49,170.1,158.23,0.26,Clay,7.52
8.41,40.11,,4.11,399.68,51.01,474.51,2.67,Sandy,1.31
6.59,39.85,31.23,1.5,389.09,91.87,127.16,1.8,Loamy,8.67
5.86,3.19,30.64,0.63,503.97,76.54,67.14,2.79,Loamy,11.83
4.59,51.83,47.52,4.44,177.06,180.13,38.13,0.28,Clay,1.69
5.94,26.71,5.34,0.92,85.33,139.03,272.0,2.14,Sandy,2.74
8.62,39.73,48.36,4.69,445.42,243.3,493.59,0.69,Loamy,9.43
,55.2,42.51,1.04,92.92,4.6,486.29,2.92,Clay,1.43
7.83,53.09,33.5,2.15,563.42,149.9,570.6,,Sandy,10.83
5.22,23.12,42.58,2.55,301.59,75.16,150.51,,Clay,11.02
8.43,,38.94,2.93,484.06,186.84,566.61,1.19,Loamy,7.25
5.51,7.58,24.85,3.54,162.5,65.04,396.87,0.31,Clay,4.76
6.27,66.42,49.24,1.58,111.63,82.27,188.58,1.86,Sandy,6.19
8.63,69.14,6.09,5.68,,171.08,,0.4,Loamy,8.05
7.1,66.34,,1.51,68.66,223.52,638.76,,Clay,4.6
8.41,51.52,26.36,0.23,275.45,90.03,341.33,1.36,Clay,4.57
6.83,40.53,39.26,5.99,282.13,161.7,263.01,2.53,Loamy,10.17
5.31,34.79,48.14,5.85,524.46,109.41,641.34,0.07,Clay,5.08
4.25,22.9,22.43,2.87,403.27,79.24,616.09,2.54,Sandy,1.28
8.66,,13.58,4.94,118.41,20.21,,3.02,Clay,7.21
8.55,,8.62,3.82,504.06,39.59,92.17,,Loamy,9.26
5.29,48.3,19.76,2.66,398.63,224.02,495.26,2.82,,2.93
9.23,66.05,6.08,4.13,302.4,27.83,481.23,2.25,Sandy,3.08
4.8,37.34,36.04,2.01,253.35,83.09,412.73,1.99,Loamy,0.25
7.47,50.0,7.39,4.15,233.27,195.5,561.94,2.22,Sandy,3.25
5.61,48.21,17.87,2.62,551.51,123.86,422.91,1.2,Sandy,9.78
8.89,22.62,41.06,,410.62,194.98,237.8,1.99,Sandy,2.01
7.79,31.65,28.37,5.38,65.32,196.25,,1.26,Clay,2.1
5.8,1.98,14.27,3.62,66.01,,540.83,1.7,Sandy,1.91
5.44,54.4,23.29,5.94,434.2,179.98,73.62,2.32,,5.58
6.15,59.8,9.37,2.89,349.12,175.96,474.94,1.88,Loamy,2.73
5.85,55.1,13.29,1.67,306.17,92.1,332.69,1.67,Loamy,4.74
6.65,31.42,22.42,5.58,93.41,147.65,331.57,2.11,Loamy,5.23
8.39,57.92,46.6,4.28,120.9,80.66,152.82,1.05,Clay,10.68
,50.89,14.29,0.58,323.1,,312.79,2.29,Sandy,5.67
8.02,1.36,16.55,2.66,,179.58,425.52,1.5,,1.61
6.95,58.77,14.24,5.63,122.51,24.51,83.88,1.26,,0.64
4.91,46.05,9.34,2.07,59.88,52.29,587.83,1.47,Loamy,6.67
7.34,51.21,6.29,0.69,263.79,121.03,533.89,0.43,,1.02
4.29,47.65,13.3,0.47,499.31,138.41,,1.15,Sandy,11.27
5.57,,44.37,4.67,129.56,164.86,483.18,0.22,Clay,2.93
7.74,63.07,12.94,,482.0,167.82,93.08,3.33,Sandy,11.51
7.29,24.47,47.5,2.11,550.32,212.38,501.33,1.47,Sandy,4.86
5.71,47.6,14.37,2.9,67.22,176.58,165.52,2.91,Loamy,3.17
4.63,10.45,16.93,2.48,407.48,218.1,42.77,1.02,Loamy,10.55
4.62,33.67,15.84,3.06,445.26,30.2,501.72,2.34,Loamy,7.57
,52.87,49.61,1.89,141.65,43.71,122.39,2.72,Sandy,1.14
7.43,43.37,,4.71,13.47,169.55,48.12,2.8,Sandy,2.63
6.98,28.98,40.51,,90.17,152.86,242.76,0.06,Loamy,1.83
4.78,60.98,14.44,3.92,207.21,40.41,344.44,0.52,Clay,5.28
,19.94,11.36,3.11,171.59,35.32,573.96,2.33,Loamy,6.34
7.64,31.33,39.09,2.98,599.4,188.11,90.48,0.76,Sandy,0.2
4.05,38.25,40.91,4.48,409.16,130.0,543.35,3.39,Loamy,7.77
9.23,5.0,15.27,4.97,118.36,197.07,266.51,1.41,Sandy,11.29
7.18,33.76,7.0,2.46,91.38,24.79,,2.92,Clay,2.76
5.62,22.56,13.99,4.57,171.25,174.0,285.03,3.13,Loamy,10.45
5.18,21.89,12.97,2.85,568.5,161.92,89.11,1.63,Clay,4.13
7.45,41.82,11.94,1.25,138.29,196.95,60.66,0.7,Loamy,8.28
5.37,60.76,41.07,4.96,147.78,223.12,199.39,2.38,Loamy,8.82
7.95,5.21,45.99,5.55,306.8,192.89,,0.43,Sandy,3.65
5.76,61.84,20.45,5.56,563.43,28.49,250.8,2.84,Sandy,5.48
6.66,52.84,26.54,0.53,145.14,8.27,181.17,,Sandy,10.75
6.41,5.22,47.77,0.67,431.93,103.6,179.28,1.33,Sandy,6.01
6.03,62.65,,0.29,190.06,87.57,525.84,0.33,Clay,10.91
4.12,,22.74,4.88,448.81,235.8,303.51,3.3,Sandy,3.17
6.52,36.38,23.92,0.63,138.0,192.97,316.3,1.34,Clay,9.33
7.83,43.91,40.1,2.06,564.52,170.5,310.59,2.21,Loamy,6.32
5.55,32.61,31.84,3.11,124.06,249.08,663.22,2.22,Sandy,8.89
6.95,34.7,27.03,3.03,248.58,195.31,150.43,0.94,Sandy,0.15
7.21,45.67,5.11,3.31,156.15,231.56,92.57,0.4,Sandy,1.37
4.03,59.04,33.01,2.8,452.23,60.73,643.77,3.38,Clay,11.04
8.51,62.71,38.22,5.24,268.92,80.65,192.1,2.26,Clay,2.7
4.99,47.7,27.46,5.32,590.48,40.98,579.53,2.2,Loamy,8.8
9.04,,15.51,4.59,68.15,10.35,402.93,1.22,Clay,1.68
,15.26,33.62,0.97,482.04,,657.19,3.16,Sandy,6.98
4.29,58.81,6.16,4.45,388.08,159.13,402.87,0.38,Clay,2.99
7.51,17.11,23.76,,243.74,248.82,,2.86,Loamy,10.96
9.29,2.97,11.74,5.73,252.1,55.72,587.03,0.23,Sandy,1.14
4.88,56.78,48.2,3.07,195.18,199.3,676.56,1.87,Loamy,10.76
8.96,25.04,43.53,3.32,106.14,14.53,212.62,1.01,Clay,8.86
5.44,12.28,29.36,2.82,541.1,195.39,420.71,0.54,Sandy,7.01
9.5,,45.81,0.16,483.47,39.86,678.01,1.14,Sandy,3.16
,41.78,25.47,0.59,237.59,166.16,317.55,2.96,Loamy,11.81
8.29,50.16,16.53,,159.1,186.1,660.67,1.54,Loamy,2.67
7.91,43.21,10.8,3.2,161.83,,108.86,1.27,Loamy,0.31
5.21,14.29,6.21,3.34,,130.88,545.32,0.74,Sandy,8.37
7.58,6.12,43.58,4.06,219.81,145.84,409.38,3.49,Clay,10.98
7.32,24.08,18.53,2.11,246.68,200.98,243.7,3.24,Clay,3.04
6.45,29.61,48.0,2.92,54.29,220.11,163.75,0.59,Clay,5.3
5.99,3.06,28.01,5.71,14.25,173.93,336.16,2.17,Sandy,1.94
4.69,17.71,43.44,,131.02,146.76,659.92,3.0,Clay,8.48
,52.97,37.92,5.89,181.9,70.39,390.38,1.21,Clay,1.82
,52.67,49.99,3.87,583.13,55.24,139.98,0.16,Clay,2.91
8.29,8.26,16.75,3.35,168.2,210.61,248.48,1.33,Clay,10.82
4.37,38.59,42.42,4.83,208.92,80.97,282.4,0.58,Clay,1.62
5.51,50.05,17.28,0.93,494.42,123.15,416.76,3.46,Sandy,8.45
8.79,10.43,31.57,0.64,499.15,206.66,160.76,2.45,Loamy,9.59
9.32,58.59,46.33,5.37,527.99,249.98,656.78,1.84,Loamy,9.65
6.53,20.8,16.44,3.87,518.3,19.74,483.28,0.81,Sandy,0.77
6.2,13.86,31.97,2.33,,181.88,165.76,0.23,Sandy,2.3
7.21,26.11,,4.78,591.53,26.69,101.31,1.21,Loamy,0.56
4.84,41.32,19.57,5.92,537.54,179.86,676.52,1.0,Sandy,7.28
4.56,56.44,,5.42,170.15,,660.43,2.11,Loamy,6.02
5.83,59.41,12.85,3.05,416.13,218.69,306.7,2.79,Loamy,7.99
5.17,50.55,11.98,4.82,131.18,48.41,273.48,0.64,Sandy,5.07
7.72,23.18,31.02,0.68,178.85,210.12,642.97,1.13,Loamy,0.57
8.13,31.17,14.83,5.41,457.65,44.91,328.59,1.32,Loamy,0.31
7.5,5.59,48.21,3.99,462.94,244.22,437.03,2.66,Clay,8.68
,9.61,,4.71,13.66,239.84,103.01,3.11,Sandy,6.83
5.08,49.97,20.9,4.72,161.07,37.13,554.15,2.6,Clay,5.14
5.78,33.32,26.79,2.91,66.97,194.02,506.94,2.93,Loamy,10.95
8.32,69.65,41.24,1.03,,174.42,215.36,1.57,Loamy,8.31
,61.82,,5.3,389.34,164.39,464.02,1.18,Loamy,5.53
4.26,56.68,32.36,,65.49,163.51,486.03,1.97,Sandy,8.74
5.71,62.89,27.28,4.27,53.04,52.64,150.6,2.11,Loamy,2.27
4.72,69.14,11.32,5.71,140.31,243.66,296.34,2.22,Loamy,6.68
,24.89,,,376.46,50.42,525.42,0.55,Sandy,9.93
4.35,52.54,33.46,2.87,18.82,,640.98,1.92,Clay,9.33
4.59,53.91,43.87,1.5,468.76,141.64,422.35,0.31,Sandy,5.45
6.56,62.13,18.75,2.55,63.8,15.93,680.54,2.15,Loamy,7.36
6.85,48.94,41.17,2.14,575.39,207.87,104.03,1.06,Sandy,1.91
6.08,58.59,35.09,3.48,327.07,241.38,695.66,1.19,Sandy,1.25
4.2,66.97,40.78,2.25,256.38,105.08,144.08,0.63,Clay,0.6
4.6,22.12,37.82,5.45,,,628.3,1.06,Clay,4.16
4.21,62.69,15.68,4.25,357.1,75.63,515.63,1.28,Sandy,6.56
6.6,25.11,8.28,,133.64,219.59,579.4,2.07,Loamy,9.48
6.24,21.55,5.34,5.03,528.89,98.79,308.66,,Clay,4.88
5.75,11.13,28.38,0.12,541.22,197.84,585.93,1.38,Loamy,4.55
8.51,17.14,40.0,0.51,266.48,148.75,270.9,3.2,Clay,8.47
6.83,12.48,26.18,1.43,100.15,41.75,166.07,0.21,Clay,2.85
4.29,8.0,27.19,2.1,450.97,204.28,692.41,2.25,Clay,1.21
5.54,2.02,18.63,3.45,358.11,17.76,49.93,1.53,Clay,6.38
5.96,8.26,24.2,4.16,14.95,22.52,468.27,0.88,Clay,3.92
,8.6,41.47,0.88,369.67,101.5,544.08,2.37,Sandy,7.54
4.73,5.34,,2.78,64.7,59.58,258.99,2.31,Clay,9.29
6.78,35.23,35.71,1.37,147.53,164.52,244.93,1.03,Clay,2.63
4.03,59.04,33.01,2.8,452.23,60.73,643.77,3.38,Clay,11.04
5.95,34.9,47.9,4.75,165.64,4.91,331.93,1.48,Clay,3.93
8.8,,24.07,,497.37,170.76,539.84,0.18,Sandy,3.89
8.96,51.4,42.42,4.17,594.62,25.21,438.13,1.45,Sandy,5.05
6.63,67.78,,0.82,314.53,189.41,488.9,0.87,Clay,1.46
8.66,33.47,,3.6,534.8,226.33,254.58,2.34,Clay,0.73
8.03,11.7,21.59,,488.59,232.45,,0.44,Loamy,5.33
4.13,36.88,44.19,4.97,157.29,21.55,148.25,0.08,Sandy,4.07
,60.44,26.32,4.7,515.26,231.21,610.54,2.27,Loamy,7.57
8.59,44.04,9.41,2.65,415.25,,390.6,2.72,Sandy,1.28
8.41,1.02,,0.97,195.19,141.37,310.78,2.89,Clay,7.06
8.93,43.6,,2.59,131.47,117.16,178.26,0.42,Clay,5.87
5.41,54.83,17.62,4.79,259.85,128.2,32.62,,Clay,2.46
8.47,56.25,20.87,3.35,339.82,4.26,32.63,0.86,Loamy,0.2
8.53,13.86,37.64,0.94,350.42,248.44,231.5,0.62,Loamy,4.95
5.06,45.57,13.72,4.26,,197.78,629.31,1.73,Sandy,1.74
8.78,2.19,38.72,4.73,103.85,82.33,94.26,1.26,Loamy,2.61
4.22,31.09,9.03,5.85,407.27,78.06,208.94,3.32,Sandy,4.89
4.93,2.67,15.9,4.86,,172.86,91.43,2.62,Loamy,2.92
8.03,24.25,24.0,4.31,265.64,75.33,677.73,0.23,Sandy,7.07
6.01,12.72,,5.64,415.93,,366.89,1.85,Sandy,1.42
6.05,7.88,8.17,3.2,36.86,207.9,369.73,1.77,Loamy,9.89
7.83,5.1,13.57,4.45,269.8,49.56,48.85,3.31,Sandy,4.74
9.14,,39.19,1.63,72.0,17.69,537.27,1.24,Loamy,11.07
4.68,30.75,41.14,3.22,111.63,194.3,598.68,2.07,Sandy,10.15
4.7,,34.89,1.96,405.97,16.29,196.38,0.91,Loamy,10.85
4.27,52.79,44.31,2.65,,132.18,460.75,1.56,Loamy,11.11
7.9,,28.84,3.42,598.25,122.01,414.65,0.13,Loamy,1.09
5.07,28.96,8.91,3.03,193.92,7.56,589.44,0.24,Sandy,0.77
4.89,48.37,39.14,5.55,254.56,125.2,268.46,0.2,Loamy,9.48
6.32,21.97,45.45,3.67,266.81,18.47,130.86,1.45,Loamy,11.26
5.28,39.38,12.28,1.1,365.82,154.15,327.62,2.46,Loamy,9.53
8.29,46.64,6.41,1.33,218.5,99.97,172.39,0.48,Loamy,10.41
8.89,25.02,32.88,4.98,549.24,199.65,95.71,1.36,Clay,8.21
5.59,10.1,11.21,5.78,417.82,119.59,,3.07,Clay,7.85
7.83,10.9,29.51,4.47,575.26,132.62,,0.45,Clay,2.06
,48.71,48.31,0.64,196.58,50.58,338.83,2.05,Loamy,6.5
6.21,40.15,20.86,3.73,583.03,117.44,162.37,1.69,Sandy,1.63
4.12,56.24,15.0,1.18,25.42,86.23,625.25,3.36,Sandy,8.21
5.64,16.57,48.75,5.46,86.48,205.64,522.96,0.9,Loamy,10.75
5.07,66.26,37.22,5.6,584.97,119.74,638.85,0.54,Loamy,9.29
7.7,61.16,26.52,5.44,224.25,47.29,179.08,2.23,Clay,9.76
7.92,25.58,27.69,3.96,199.03,2.45,619.08,1.98,Loamy,7.46
4.81,67.64,44.03,1.68,50.79,196.41,595.65,0.66,Loamy,6.13
7.5,50.59,29.65,3.9,345.13,190.47,477.69,1.48,Loamy,6.09
9.33,3.28,5.46,0.07,96.89,103.35,218.74,2.56,Clay,10.71
6.57,62.09,16.4,0.33,467.59,55.2,585.41,1.5,,10.7
8.81,36.54,36.57,3.06,288.98,142.43,421.48,2.88,Clay,8.13
7.06,27.28,40.98,2.95,534.21,137.49,428.14,2.73,,3.25
4.8,,17.15,0.28,265.26,75.69,197.6,0.44,Sandy,8.52
5.33,65.5,7.5,1.83,484.24,93.5,518.34,1.45,Loamy,1.76
4.0,59.57,17.38,2.14,237.1,,311.41,0.79,Loamy,7.82
5.57,27.74,,5.08,28.06,97.4,425.13,3.32,Clay,5.7
,53.58,12.98,2.71,40.65,202.68,699.37,1.81,,5.75
7.77,40.64,46.89,1.56,317.55,112.79,651.56,2.34,Clay,0.56
9.18,12.83,46.97,1.57,393.68,165.2,,2.47,Clay,0.94
6.49,63.09,12.23,4.82,57.92,107.92,,,Clay,1.25
8.9,19.01,31.28,1.31,278.48,147.54,154.61,1.92,Clay,9.82
,55.15,25.99,5.63,283.48,188.11,549.03,2.8,Loamy,0.89
4.47,32.11,21.69,4.11,398.5,248.28,510.28,2.34,Sandy,6.75
8.63,7.26,12.58,5.98,590.71,82.06,491.06,1.02,Loamy,9.66
4.73,1.46,,5.32,115.26,154.63,102.41,1.3,,3.59
6.16,51.47,29.02,3.46,517.54,230.36,282.74,2.03,Sandy,0.46
6.07,23.67,38.05,,49.64,140.48,108.83,1.73,Loamy,6.01
8.25,31.81,5.34,5.29,567.63,203.76,402.22,0.54,Sandy,5.76
8.71,49.82,8.44,0.41,99.39,106.92,634.64,2.71,Clay,10.75
4.62,9.5,46.6,4.28,,4.31,265.62,1.22,Sandy,5.17
4.33,27.71,41.16,3.3,377.5,21.89,,1.27,,8.63
4.71,45.36,25.96,1.19,,177.78,549.59,1.29,Loamy,1.7
6.57,23.73,30.69,2.23,599.3,167.72,541.15,3.37,Sandy,8.43
8.04,55.3,32.45,0.99,164.46,4.87,402.05,3.4,Sandy,8.58
,16.05,32.49,0.51,147.22,121.28,57.44,2.49,Loamy,8.54
6.49,5.11,12.5,2.18,586.39,48.41,415.93,2.86,Clay,4.35
9.43,31.17,35.17,3.36,127.39,111.31,316.38,0.75,Loamy,2.66
6.35,7.59,32.78,3.55,191.56,3.07,68.58,1.86,Clay,4.56
7.55,37.65,35.31,4.62,270.12,73.68,394.2,3.44,Sandy,4.83
6.92,29.5,31.55,5.69,323.25,141.54,219.25,1.19,Sandy,2.95
7.18,15.4,32.92,2.09,305.49,202.36,295.26,0.16,Clay,1.81
8.03,60.42,37.17,5.33,76.19,,326.54,3.42,Loamy,7.8
7.17,,25.68,3.57,39.21,225.54,187.99,0.26,Sandy,10.93
4.57,65.02,49.12,2.02,408.59,62.28,583.3,2.96,Clay,2.91
6.04,59.7,38.09,5.04,60.07,197.66,112.2,0.71,Clay,2.41
8.03,11.7,21.59,,488.59,232.45,,0.44,Loamy,5.33
4.4,20.24,6.37,,412.04,155.4,624.16,1.74,Sandy,10.86
4.66,16.05,7.18,4.31,347.79,48.45,231.51,1.22,Sandy,10.22
6.61,33.19,20.62,5.44,407.46,137.19,445.08,3.28,Clay,0.31
9.25,39.4,13.06,0.89,82.85,26.03,183.75,2.83,Clay,7.3
4.27,46.24,39.39,5.06,203.99,28.95,84.74,0.94,Clay,0.28
,18.47,20.87,1.69,352.24,226.68,557.74,0.81,Loamy,2.63
7.54,16.72,39.65,2.89,180.17,72.74,137.82,0.67,Sandy,6.17
7.26,57.51,44.27,1.68,368.53,65.29,202.92,2.25,Clay,2.7
5.52,42.36,41.58,5.52,235.7,127.4,239.44,0.27,Loamy,3.12
4.87,39.23,26.62,1.15,32.76,152.74,33.22,2.81,Clay,1.27
8.67,24.72,24.63,0.57,398.42,47.83,307.64,0.38,Clay,7.72
6.95,21.89,46.03,4.35,596.87,,56.32,2.96,Loamy,5.8
5.37,37.22,14.5,3.71,377.25,229.6,569.25,3.36,Clay,4.1
5.37,48.4,43.16,4.22,236.08,71.89,657.93,0.85,Clay,2.72
9.49,33.22,48.74,1.23,289.66,176.55,440.64,2.37,Sandy,2.85
7.85,23.45,14.01,3.9,91.52,188.87,699.12,2.86,Clay,9.91
4.64,,29.69,5.41,554.7,127.97,532.81,0.11,Clay,0.98
5.95,13.87,19.44,0.73,253.13,205.72,457.82,1.06,Loamy,10.47
4.25,5.51,34.35,2.44,,209.68,476.45,2.2,Sandy,0.42
9.36,36.21,46.66,3.83,441.06,212.38,91.86,0.49,Loamy,11.61
4.18,11.23,48.15,4.54,562.87,16.6,434.83,0.06,Loamy,3.68
6.79,56.49,48.62,2.75,489.53,100.86,75.15,3.29,Loamy,1.17
6.62,31.91,14.3,1.01,151.43,61.28,266.36,1.99,Clay,9.84
4.42,44.99,47.05,1.33,546.24,42.86,361.95,3.0,Loamy,6.32
9.1,34.7,28.59,4.52,429.62,181.64,163.53,0.63,Clay,7.09
4.35,4.77,21.64,1.03,439.64,167.67,358.16,0.22,Loamy,1.48
5.52,39.0,,5.98,432.42,89.0,289.76,0.5,Loamy,1.77
,27.54,43.11,4.35,216.44,75.5,573.45,0.14,Clay,6.49
4.65,27.61,10.64,2.6,581.54,20.57,671.19,1.32,,8.77
9.44,49.23,23.73,5.83,280.06,232.86,641.58,0.76,Sandy,11.22
8.24,67.98,,3.48,57.77,163.75,323.77,2.17,Sandy,5.41
7.87,17.58,46.48,5.21,227.64,,167.66,0.32,Sandy,5.76
5.09,16.08,44.16,2.75,,27.91,206.19,0.37,,2.44
5.25,,16.49,3.39,258.13,139.97,480.47,1.48,Loamy,8.2
,5.69,,0.93,125.15,45.87,343.57,1.79,,2.29
6.15,14.01,42.71,4.59,200.01,65.1,152.9,2.19,Clay,11.99
6.88,68.09,29.5,5.73,65.8,188.51,,2.86,Clay,4.05
7.25,20.84,49.28,1.33,216.76,92.79,595.67,1.41,Sandy,3.03
7.76,13.39,40.53,4.81,436.53,242.9,,0.56,Clay,4.15
9.15,4.14,38.45,4.22,274.23,9.96,576.11,3.25,Clay,11.82
6.57,37.38,23.82,4.03,400.12,,689.78,0.94,Clay,5.1
4.22,18.94,,3.34,202.9,111.5,646.64,1.9,Sandy,10.76
7.44,69.51,33.16,2.12,319.29,149.11,111.45,1.34,Sandy,9.33
5.88,35.93,19.72,1.95,347.12,185.77,197.55,2.58,Sandy,5.17
6.53,25.87,17.11,,288.66,64.7,601.63,1.41,Sandy,2.71
6.53,60.4,45.95,4.65,416.29,227.84,160.97,2.55,Sandy,7.71
5.0,46.51,46.42,2.88,330.56,245.71,673.3,1.83,Clay,7.91
8.05,37.63,15.7,2.49,277.46,7.88,134.47,0.94,Clay,3.17
4.89,29.14,44.27,2.49,,11.34,433.8,1.36,Sandy,4.6
,5.4,47.24,5.64,185.16,229.55,,1.01,Loamy,1.65
5.47,12.88,40.05,1.53,115.8,26.91,610.41,3.11,Clay,0.19
6.02,32.98,12.05,2.52,577.57,101.44,244.96,1.91,Loamy,5.02
6.52,36.38,35.51,3.21,336.57,149.11,124.28,1.31,Sandy,11.4
8.69,25.72,,5.67,453.73,35.08,284.32,3.12,Sandy,1.17
9.12,14.51,31.39,,267.75,17.33,520.69,1.37,Clay,3.97
6.43,44.03,25.75,0.38,26.05,62.09,569.35,2.67,Clay,11.69
8.72,60.55,12.66,1.74,338.4,157.85,339.34,1.16,Sandy,6.86
7.93,51.48,9.24,0.71,133.21,18.31,537.39,0.92,Sandy,11.93
8.16,64.35,7.65,0.84,72.82,199.32,254.28,2.23,Clay,0.09
5.08,21.26,13.24,1.1,92.04,43.71,635.3,1.74,Loamy,3.76
6.21,38.55,,3.03,599.72,78.67,312.81,,Sandy,10.58
7.14,55.66,8.36,3.29,564.86,185.87,157.79,0.17,Sandy,7.23
4.52,54.36,23.06,2.25,,134.73,,0.49,Loamy,8.8
5.4,67.64,38.92,0.91,226.24,90.47,388.97,,Sandy,10.26
4.85,68.43,39.09,2.6,,116.56,394.4,1.36,Loamy,10.49
4.16,24.11,13.06,4.48,266.51,217.93,552.04,0.27,Sandy,11.57
6.92,52.99,32.89,1.41,399.38,3.08,,1.42,Sandy,5.7
8.72,20.49,14.52,3.81,569.97,208.05,516.74,0.15,Loamy,6.17
4.81,50.94,36.09,5.95,477.25,154.51,242.42,2.02,Loamy,3.29
9.12,15.2,37.31,1.61,393.46,147.74,102.98,0.27,Sandy,1.01
4.89,27.68,14.92,5.12,161.9,236.85,164.65,2.02,Clay,8.21
7.42,39.24,18.62,1.97,503.31,42.78,655.07,1.54,Clay,5.78
8.12,13.21,28.45,0.64,281.06,89.26,662.3,2.65,Sandy,5.73
9.49,11.94,46.88,3.47,88.02,131.06,,3.3,Loamy,3.99
6.06,18.31,10.05,4.82,334.28,244.3,259.89,2.01,Clay,6.39
8.2,62.5,36.53,3.24,249.37,14.79,171.78,1.14,Loamy,0.04
7.07,55.77,27.13,3.08,36.24,91.83,,2.6,Loamy,10.02
9.0,40.54,39.53,3.4,,107.2,482.63,,Sandy,3.29
6.93,42.11,27.8,1.38,588.81,13.31,675.52,3.23,Loamy,10.27
8.35,65.9,15.16,5.53,59.1,68.14,635.85,0.74,Sandy,10.88
9.1,15.48,43.63,0.43,121.12,49.77,47.21,3.4,Sandy,6.85
4.39,58.76,6.35,3.19,439.54,62.85,495.9,0.1,Loamy,6.02
4.27,64.9,35.44,5.94,241.01,211.56,322.15,0.54,Loamy,4.81
5.77,14.36,24.97,,311.58,125.4,623.54,2.16,Loamy,0.47
5.31,3.18,46.12,,580.37,89.33,369.07,2.67,Loamy,0.35
5.16,28.3,44.08,5.03,509.38,69.03,685.85,0.57,Loamy,7.45
7.89,43.4,16.34,5.44,521.2,77.69,503.87,2.89,Sandy,6.14
6.02,22.88,32.67,1.04,272.18,51.75,616.96,1.05,Loamy,6.79
4.33,45.6,,4.14,308.55,142.0,284.55,,,8.09
6.55,25.23,35.28,5.97,176.78,41.32,663.39,1.0,Clay,9.28
4.83,48.56,29.21,1.48,456.01,126.96,521.18,3.4,Sandy,5.13
8.53,38.85,18.0,3.76,157.7,186.74,71.2,,Loamy,3.85
6.83,51.32,,4.43,280.57,194.35,74.5,0.17,Clay,1.99
9.07,17.89,40.27,5.48,262.54,194.41,223.54,0.8,Clay,1.04
5.09,2.32,27.88,1.07,52.71,81.81,156.6,2.42,Sandy,10.92
8.77,3.34,10.89,2.77,399.91,229.06,548.99,2.89,,7.55
4.24,52.43,40.54,5.94,318.67,199.58,142.9,2.41,Loamy,0.9
9.25,34.33,41.68,0.09,397.24,33.61,275.45,3.15,Sandy,7.74
8.9,6.79,17.86,1.56,454.88,249.98,207.13,2.71,Sandy,10.95
8.16,53.82,46.89,1.96,460.31,191.44,164.03,0.87,Clay,5.36
8.53,33.73,42.88,5.42,542.82,46.65,371.81,2.35,Sandy,1.2
8.71,44.25,23.94,4.4,211.32,106.6,416.68,2.74,Loamy,6.45
8.04,64.96,5.04,0.66,355.19,242.06,450.91,2.15,Sandy,10.93
5.24,66.62,24.73,4.1,83.44,207.86,561.26,0.25,Loamy,5.8
6.33,17.2,40.43,1.07,98.71,8.29,,0.41,Clay,5.39
8.81,49.51,13.34,0.22,75.55,128.87,,0.7,Loamy,0.32
7.28,48.8,6.86,4.48,317.27,23.79,682.59,1.53,Clay,1.12
5.74,2.02,,,,129.46,,0.42,Loamy,8.25
5.95,54.86,35.29,0.7,424.87,133.63,659.66,2.65,Loamy,11.26
6.53,25.43,14.08,1.04,,53.79,675.87,0.18,Loamy,0.57
5.43,57.15,8.9,0.49,577.32,165.24,126.44,1.93,Sandy,10.93
7.76,48.7,20.08,2.16,568.37,216.27,420.82,3.03,Clay,8.92
5.55,0.41,6.68,1.46,295.16,,427.46,1.13,Loamy,10.17
4.58,47.21,23.63,4.31,497.41,126.99,421.08,1.5,Clay,7.8
5.92,30.89,23.88,4.5,236.5,56.94,57.71,1.96,Sandy,6.2
5.19,49.9,30.88,0.42,189.04,69.37,145.07,0.2,Sandy,0.72
8.28,66.1,41.61,4.0,71.94,133.57,36.45,2.02,Loamy,10.31
9.33,2.61,5.22,1.97,73.97,227.58,586.28,2.45,Loamy,9.07
9.44,33.79,49.16,0.14,363.76,182.02,187.07,3.14,Sandy,1.47
4.36,43.41,15.0,1.13,,190.86,180.31,1.83,Loamy,10.71
8.82,28.57,34.8,5.47,274.43,19.04,,1.46,Sandy,3.7
7.33,45.96,29.69,1.85,95.04,216.63,307.19,2.96,Loamy,1.31
5.49,7.5,5.9,1.42,370.7,192.19,93.32,0.71,Clay,0.45
4.32,42.82,49.98,0.44,253.86,117.17,450.46,0.99,Clay,10.58
5.96,49.93,9.03,3.78,137.29,149.49,211.72,2.9,Clay,3.59
4.76,11.68,15.52,1.66,559.48,202.8,390.7,1.21,Loamy,9.49
8.66,13.14,20.8,2.23,405.08,86.87,219.18,3.18,Clay,1.12
8.38,22.15,44.18,2.53,370.51,,295.41,3.48,Clay,10.08
6.84,16.93,29.95,5.82,397.66,229.4,255.31,3.08,Clay,7.81
,60.32,41.29,2.76,308.24,44.36,399.08,2.02,Loamy,11.06
5.59,20.81,,0.12,172.97,232.37,61.63,2.14,Clay,4.7
6.62,13.58,8.45,3.07,263.91,208.03,472.99,2.31,,11.82
5.03,37.39,43.19,1.18,374.05,189.25,,2.89,Loamy,11.15
8.22,14.23,44.01,1.51,264.11,240.31,529.73,2.08,Loamy,8.24
8.5,17.08,20.01,4.84,238.17,189.33,72.65,2.72,Sandy,5.43
6.41,46.86,39.9,2.51,102.66,185.96,356.02,1.24,Sandy,7.77
5.88,27.87,11.26,5.94,,242.25,99.87,1.88,Loamy,8.3
9.31,10.19,40.41,3.04,361.1,53.01,117.95,0.09,Clay,9.51
6.6,5.05,32.32,2.48,13.69,214.85,401.49,0.43,Sandy,10.25
8.34,8.05,45.14,4.23,473.55,239.81,238.62,2.03,,2.89
7.7,30.07,25.3,,99.16,199.99,583.12,3.4,Loamy,4.33
6.47,57.99,5.2,1.53,488.11,,196.19,0.27,Sandy,8.56
7.35,42.27,38.19,3.08,570.88,115.15,230.17,1.3,Sandy,10.69
7.82,12.57,22.95,2.34,506.93,26.55,353.7,1.02,Clay,10.33
8.5,5.16,24.11,3.88,140.6,98.01,542.67,1.15,Sandy,5.98
4.72,23.3,21.92,4.53,411.95,50.46,686.32,2.68,Clay,8.49
8.46,68.73,48.93,4.15,34.57,71.42,108.12,1.37,Clay,0.86
4.94,16.88,44.04,4.92,579.89,215.57,,0.58,Loamy,7.4
8.26,59.73,,1.4,212.18,230.12,596.37,2.21,Loamy,0.49
7.9,1.57,49.21,1.89,13.1,30.27,154.14,0.67,Loamy,7.54
4.08,20.23,49.3,3.5,503.56,184.5,208.16,1.17,Loamy,6.73
9.17,2.65,9.79,2.85,170.01,64.64,336.73,1.78,Sandy,1.74
6.37,18.75,25.54,1.42,75.11,221.84,336.44,1.92,Clay,7.25
4.0,52.77,39.36,5.2,156.6,203.57,141.08,2.0,Loamy,6.14
6.38,48.73,6.93,5.15,437.85,89.68,620.33,1.83,Sandy,1.07
4.05,22.16,18.95,0.87,56.66,,560.06,1.79,Sandy,3.08
,31.87,,5.91,175.04,,142.29,3.0,Sandy,9.29
8.73,38.65,25.69,2.47,67.97,46.64,536.31,0.6,Sandy,11.44
6.88,41.32,,5.71,38.67,143.95,447.32,3.01,Clay,0.83
4.52,62.74,5.27,2.27,422.36,101.51,451.09,2.02,Clay,6.71
7.06,35.11,22.03,2.95,542.87,149.07,419.73,2.12,Clay,6.98
7.15,35.14,23.61,1.8,455.63,141.77,459.15,0.45,Sandy,5.22
8.51,5.21,49.01,3.6,,153.9,505.64,2.39,Sandy,10.31
5.4,46.42,9.0,1.69,358.93,35.73,123.47,0.36,Clay,6.89
8.38,69.18,20.18,5.69,37.93,72.25,186.52,1.96,Sandy,10.53
6.52,32.57,29.57,5.71,40.71,107.24,635.57,0.89,Loamy,2.11
5.36,11.97,5.12,0.92,116.67,188.65,171.58,0.14,Sandy,3.16
7.7,31.87,40.61,3.09,463.1,193.75,133.45,2.79,Loamy,0.49
7.34,21.76,25.07,4.86,401.21,42.45,224.07,0.47,,7.42
5.7,5.57,12.44,5.22,397.18,7.33,686.83,2.92,Sandy,5.01
7.05,31.1,23.05,5.92,14.66,15.04,373.88,0.4,Clay,2.73
6.82,25.1,47.55,0.34,417.62,242.04,487.74,1.7,Clay,3.01
9.07,34.21,49.07,4.35,228.68,198.64,554.61,1.47,,6.99
6.26,,40.81,2.7,303.21,246.86,559.2,2.77,Loamy,6.3
6.9,48.13,28.49,3.69,338.69,143.13,647.6,3.23,Loamy,6.75
7.2,1.77,,4.7,546.59,123.26,139.09,3.13,Clay,8.53
